Feature,Purpose,Implementation,Benefits,Detailed Implementation,Department
Custom Symbol Length,Increase flexibility for creators with larger symbol lengths.,Adjust text processing modules to support larger limits.,"Expands creative potential by removing text length restrictions, enabling users to craft detailed and intricate musical pieces.",Modify text processing pipelines to handle larger symbol lengths. Implement back-end optimizations to ensure that increased text data does not impact system performance. Update user interface to reflect length limits dynamically.,Product Development
Atmosphere Division,Allow users to customize tracks by selecting moods and styles.,Develop AI models to classify and modify atmospheres.,"Empowers creators to produce tracks that evoke specific moods and atmospheres, offering greater emotional depth and listener engagement.",Leverage AI models like GPT or similar for atmosphere classification. Create an interactive user interface to allow manual adjustments to AI-suggested atmospheres. Store atmosphere presets for reuse.,"Product Development, Machine Learning"
Voice Customization,Enable tonal and emotional settings for voice synthesis.,Integrate advanced voice synthesis AI with a user interface.,"Enhances vocal output quality by allowing users to fine-tune tonal settings, improving adaptability across genres and use cases.",Integrate advanced TTS (Text-to-Speech) models such as Tacotron 2 or WaveNet. Provide UI sliders or dropdowns for tonal and emotional settings. Optimize real-time processing for seamless voice adjustments.,"ML Engineering, Voice Processing"
Interactive Widgets,Enhance user engagement with dynamic and shareable widgets.,Design a dashboard with drag-and-drop widget customization.,"Encourages long-term platform engagement by offering dynamic, customizable widgets that users can share with their networks.",Develop a modular widget system using a front-end framework like React. Enable drag-and-drop customization for dashboard layout. Use backend APIs to sync user preferences across devices.,"UI/UX Design, Product Development"
Spotify Integration,Make Spotify playlists playable and shareable within the platform.,Use Spotify's API for seamless integration.,"Increases platform relevance by integrating Spotify, allowing seamless playlist sharing and playback, which attracts both casual listeners and serious creators.",Use Spotify's Web API to enable playback and playlist sharing. Ensure compliance with Spotify's terms of service. Add OAuth-based authentication for seamless integration.,"Integration Engineering, Marketing"
Custom Subscription Plans,Tailor subscription plans to individual producer needs.,Build a modular subscription system with tiered pricing.,"Drives affordability and satisfaction by letting producers build custom subscriptions tailored to their exact needs, minimizing unnecessary expenses.",Develop a modular pricing algorithm that calculates user subscription costs based on selected tools. Build a simple tool selection interface. Allow dynamic upgrades/downgrades of plans via API.,"Product Development, Pricing Strategy"
API for Third-Party Development,Encourage feature innovation from customers and third parties.,Release a developer API with SDKs and documentation.,"Fosters innovation by enabling third-party developers to create unique integrations, expanding the ecosystem's utility for all users.","Design RESTful APIs with well-documented endpoints for developers. Provide SDKs in popular languages (Python, JavaScript). Host community events to encourage third-party innovation.","Developer Relations, API Engineering"
QR Codes for Sharing,Make sharing playlists and tracks easy with QR code stickers.,Generate QR codes linked to shared content via an interface.,"Promotes organic platform growth by allowing users to share tracks and playlists via scannable QR codes, bridging the gap between digital and physical interactions.",Integrate a QR code generation library like `qrcode` (Python) or equivalent. Create a simple UI for generating codes linked to playlists. Allow users to download or share codes directly.,"Marketing, User Experience"
Sampling and Karaoke Add-Ons,Expand content creation with remixing and karaoke features.,Create a licensing system for uploaded samples and tracks.,"Attracts a diverse user base by offering tools for sampling and karaoke, opening avenues for content monetization and community-driven creativity.",Build a secure licensing system for uploaded tracks. Add features for vocal isolation and pitch-shifting for karaoke. Use existing AI tools for sampling support.,"Content Creation, Licensing Engineering"
Machine-Determined Genres,Automate genre tagging to streamline the creative process.,Train AI models on genre-based datasets for tagging.,"Streamlines the creative process by automatically tagging genres, reducing manual workload while maintaining high accuracy.",Train an AI model using datasets tagged with genres. Integrate a feedback mechanism for users to adjust genre predictions. Store genre tags in metadata for easy retrieval.,"Machine Learning, Data Science"
Enhanced Replace Section,Simplify lyric editing and section replacement.,Develop dual-select options for lyrics and sections.,"Simplifies lyric management, making it easier for creators to edit, replace, and enhance specific sections of their tracks without disrupting the flow.",Create dual-panel UI for lyrics and sections. Implement AI-based suggestions for replacement or editing. Add a preview feature to test changes before applying.,"UI/UX Design, AI Tools"
Influencer Partnerships,Attract creators and users via partnerships with influencers.,Collaborate with creators for promotion and outreach.,"Boosts visibility and credibility by partnering with influencers, leveraging their audience reach to drive user acquisition and platform adoption.",Partner with influencers to run promotional campaigns. Offer exclusive tools for influencers to demo. Track campaign performance using analytics tools.,"Marketing, Influencer Relations"
Localized Content,Expand global appeal with culturally localized content.,Launch beta programs and onboard regional creators.,"Enhances global appeal by incorporating localized content that resonates with diverse audiences, boosting adoption in new regions.",Launch regional beta programs to test localized features. Partner with creators to develop region-specific content. Translate UI and tutorials into local languages.,"Localization Team, Regional Partnerships"
Marketplace for Tracks and Tools,"Facilitate buying, selling, and licensing of tracks and tools.",Implement secure transaction and licensing features.,"Facilitates a thriving creator economy by providing a secure marketplace for track licensing and tool-sharing, driving user monetization.",Build a marketplace using a secure payment gateway like Stripe. Provide licensing agreements for track transactions. Implement review systems to ensure content quality.,"Marketplace Development, Business Operations"
Dynamic Pricing for Subscriptions,Provide flexible subscription models for cost-efficiency.,Introduce a real-time cost calculator for plans.,Maximizes user satisfaction by offering dynamic subscription options that align costs with the actual tools and services used.,Develop a dynamic pricing calculator that updates in real-time as users select tools. Provide recommendations based on user behavior and usage history.,"Product Development, Pricing Strategy"
Monthly Track Contests,Boost engagement with creator and user competitions.,Host themed contests with in-app voting mechanisms.,"Stimulates community activity and content creation through engaging contests, fostering a competitive yet collaborative environment.",Use in-app notifications and email campaigns to promote contests. Develop a voting system for user submissions. Offer exclusive rewards for winners to encourage participation.,"Community Management, Marketing"
Interactive Gamification Features,Add fun and competitive elements to increase retention.,Implement reward systems like badges and leaderboards.,"Retains users through gamification features like leaderboards and rewards, making the platform more enjoyable and habit-forming.",Design gamification features like badges and leaderboards. Integrate with the platform's main dashboard. Track user activity to award points and achievements.,"Community Management, Gamification Design"
Cloud Optimization for Scalability,Reduce server costs while maintaining scalability.,Leverage AWS or similar services for cost management.,"Supports rapid scaling by implementing cloud optimization techniques, reducing costs while maintaining performance during growth.",Use AWS or Azure for cloud hosting. Implement auto-scaling to handle peak loads. Optimize database queries for cost-efficient performance.,"Cloud Infrastructure, DevOps"
Culturally Relevant Content,Foster adoption with content tailored to local audiences.,Partner with local creators and cultural organizations.,Drives cultural relevance and market penetration by collaborating with local creators to produce tailored content.,Collaborate with local musicians and cultural organizations. Provide tools for creators to adapt content to local markets. Organize region-specific promotional campaigns.,"Localization Team, Regional Partnerships"
Analytics Dashboard for Tools,Track and suggest optimal usage of tools and features.,Build an insights page to show tool usage stats.,"Enables data-driven decisions for creators by providing detailed insights on tool performance and usage patterns, helping them optimize their workflows.","Build an analytics dashboard using tools like Tableau or Power BI. Provide insights on tool usage patterns, success rates, and recommended upgrades.","Data Analytics, Product Insights"
